job_title,company_location,datePublication
Data Analyst H/F,Greater Paris Metropolitan Region,2024-01-01
Data Scientist,Reims Grand Est France,2024-01-01
Junior Financial Business Analyst,Issy-les-Moulineaux √éle-de-France France,2024-01-01
Media Data intern,Paris √éle-de-France France,2024-01-01
Data Scientist Assistant,Montpellier Occitanie France,2024-01-01
Alternance - Data Scientist / Data Analyst (H/F),Paris √éle-de-France France,2024-01-01
Data Scientist,Paris √éle-de-France France,2024-01-01
Data Analyst,Paris √éle-de-France France,2024-01-01
Data Scientist Intern,Montpellier Occitanie France,2024-01-01
HR Data Analyst,Paris √éle-de-France France,2024-01-01
HR DATA ANALYST H/F - CDI,Paris √éle-de-France France,2024-01-01
Tiktok production & Social Assistant,Paris √éle-de-France France,2024-01-01
Business & Data Analyst - stage,Paris √éle-de-France France,2024-01-01
Data Analyst,Paris √éle-de-France France,2024-01-01
DATA ANALYST POWER BI H/F,Marseille Provence-Alpes-C√¥te d'Azur France,2024-01-01
Data analyst F/H,Villejuif √éle-de-France France,2024-01-01
Data Scientist H/F,Bordeaux Nouvelle-Aquitaine France,2024-01-01
GRADUATE PROGRAM - REGENERATIVE AGRICULTURE & DATA MANAGEMENT,Greater Reims Area,2024-01-01
Data Scientist (H/F) ‚Äì Digital Factory,Paris √éle-de-France France,2024-01-01
Assistant d‚ÄôEtudes Marketing H/F,Paris √éle-de-France France,2024-01-01
R&D Data Analyst,Lille Hauts-de-France France,2024-01-01
R&D Data Analyst,Lyon Auvergne-Rh√¥ne-Alpes France,2024-01-01
Data Analyst,Paris √éle-de-France France,2024-01-01
Apprentissage Data Analyste ‚Äì Air France Industries H/F H/F,Occitanie France,2024-01-01
Data scientist,Greater Paris Metropolitan Region,2024-01-01
Retail Performance Analyst Intern,Paris √éle-de-France France,2024-01-01
ESG & Impact Analyst Internship,Lyon Auvergne-Rh√¥ne-Alpes France,2024-01-01
Data analyst & Performance manager,Paris √éle-de-France France,2024-01-01
Alternance - Data Scientist junior,Marseille Provence-Alpes-C√¥te d'Azur France,2024-01-01
Data Scientist/Data Analyst ‚Äì Financial Risk Management (H/F),Paris √éle-de-France France,2024-01-01
Battery Scientist (m/f/x),Toulouse Occitanie France,2024-01-01
Data Scientist - F/H,Sophia Antipolis Provence-Alpes-C√¥te d'Azur France,2024-01-01
Business Controller Intern,Paris √éle-de-France France,2024-01-01
DATA ANALYST,Paris √éle-de-France France,2024-01-01
Data Analyst,Paris √éle-de-France France,2024-01-01
Global Market Data Analyst,Paris √éle-de-France France,2024-01-01
R&D Data Scientist - CDI,Paris √éle-de-France France,2024-01-01
Apprenti(e) Data Scientist,Marseille Provence-Alpes-C√¥te d'Azur France,2024-01-01
Consultant(e) Data Scientist,Paris √éle-de-France France,2024-01-01
HR Data Analyst,Montpellier Occitanie France,2024-01-01
Data Analyst H/F,Treize-Vents Pays de la Loire France,2024-01-01
Business Data Analyst,Issy-les-Moulineaux √éle-de-France France,2024-01-01
Data Scientist,Issy-les-Moulineaux √éle-de-France France,2024-01-01
Data Scientist - CDI,Paris √éle-de-France France,2024-01-01
Head of Data Strategy & Growth,Neuilly-sur-Seine √éle-de-France France,2024-01-01
Stage - Data Scientist - ML (H/F),Issy-les-Moulineaux √éle-de-France France,2024-01-01
Data Scientist - Paris,Paris √éle-de-France France,2024-01-01
Data Analyst H/F,Villeneuve-d‚ÄôAscq Hauts-de-France France,2024-01-01
Alternant Data Analyst HF,Limonest Auvergne-Rh√¥ne-Alpes France,2024-01-01
Python Data Scientist/Analyst - LLM Project,France,2024-01-01
Data Analyst,Greater Paris Metropolitan Region,2024-01-01
Data Analyst Python (H/F),Paris √éle-de-France France,2024-01-01
Data Scientist en Alternance H/F,Morlaix Brittany France,2024-01-01
Consultant Data & IA,10th arrondissement of Marseille France,2024-01-01
Senior Data Product Analyst,Paris √éle-de-France France,2024-01-01
R&D Data Scientist - CDI,Paris √éle-de-France France,2024-01-01
Data Scientist IA H/F,Paris √éle-de-France France,2024-01-01
Consultant Data Science,Lyon Auvergne-Rh√¥ne-Alpes France,2024-01-01
Internship  - Data Analyst,Paris √éle-de-France France,2024-01-01
VP Chief Data Officer,Craponne Auvergne-Rh√¥ne-Alpes France,2024-01-01
DATA ANALYST  - H/F,Lisieux Normandy France,2024-01-01
Data Scientist,Greater Paris Metropolitan Region,2024-01-01
Data Architect,Paris √éle-de-France France,2024-01-01
Transportation Data Analyst (Citymapper),Paris √éle-de-France France,2024-01-01
CUSTOMER DATA ANALYST ASSISTANT (Alternance 12 mois),Paris √éle-de-France France,2024-01-01
Data Analyst risques et contr√¥les (H/F),Metz Grand Est France,2024-01-01
Data Analyst (H/F),Nancy Grand Est France,2024-01-01
BALENCIAGA ‚Äì Intern Digital Data Analyst ‚Äì September 2024 (F/M),Paris √éle-de-France France,2024-01-01
Data Analyst H/F,Tours Centre-Val de Loire France,2024-01-01
Data Scientist,Paris √éle-de-France France,2024-01-01
Data Analyst (6-months internship),Greater Paris Metropolitan Region,2024-01-01
Data Scientist,Toulouse Occitanie France,2024-01-01
Electrochemist- SuperCapacitor Development (m/f/x),Toulouse Occitanie France,2024-01-01
Junior Data Analyst H/F,Cestas Nouvelle-Aquitaine France,2024-01-01
VP Chief Data Officer,Craponne Auvergne-Rh√¥ne-Alpes France,2024-01-01
Data Analyst H/F,Hauts-de-France France,2024-01-01
Python Data Scientist - LLM Project,France,2024-01-01
Data Analyst (H/F),Reims Grand Est France,2024-01-01
Data Entry Specialist,French Guiana,2024-01-01
Data scientist,Lyon Auvergne-Rh√¥ne-Alpes France,2024-01-01
Business Analyst Data,Paris √éle-de-France France,2024-01-01
Data Analyst F/H,Paris √éle-de-France France,2024-01-01
Senior Business Data Analyst,Paris √éle-de-France France,2024-01-01
Apprenti data analyst (H/F),Lille Hauts-de-France France,2024-01-01
Analyste risque quantitatif,Greater Paris Metropolitan Region,2024-01-01
HR Business Analyst,Paris √éle-de-France France,2024-01-01
Data Scientist,Paris √éle-de-France France,2024-01-01
Data analyst Power BI - D√©butant H/F,Courbevoie √éle-de-France France,2024-01-01
Internship  - Data Analyst,Paris √éle-de-France France,2024-01-01
Data Scientist F/H,St-Cloud √éle-de-France France,2024-01-01
Data Analyst - Alternance F/H,Nanterre √éle-de-France France,2024-01-01
M&A and Special Projects Internship (Paris or Amsterdam),Paris √éle-de-France France,2024-01-01
Senior Data Scientist,Paris √éle-de-France France,2024-01-01
Data Analyst F/H,Colmar Grand Est France,2024-01-01
Data Scientist - CDI,Paris √éle-de-France France,2024-01-01
Data analyst (alternance),Nantes Pays de la Loire France,2024-01-01
Data analyst H/F,Paris √éle-de-France France,2024-01-01
Data Analyst H/F,Lyon Auvergne-Rh√¥ne-Alpes France,2024-01-01
Data Scientist (H/F),Ch√¢teauneuf-sur-Is√®re Auvergne-Rh√¥ne-Alpes France,2024-01-01
Data Scientist H/F,Lille Hauts-de-France France,2024-01-01
Data scientist (H/F),Biot Provence-Alpes-C√¥te d'Azur France,2024-01-01
Junior Data Scientist - Casablanca,Paris √éle-de-France France,2024-01-01
Data Analyst Junior H/F - Apprentissage Bac+4/5,Noisy-le-Grand √éle-de-France France,2024-01-01
DATA SCIENTIST (H/F) - STAGE (6 MOIS) | T√âL√âTRAVAIL POSSIBLE,Paris √éle-de-France France,2024-01-01
Data Entry Specialist,French Guiana,2024-01-01
Data Scientist - Data Analyst - Gestion des Risques Financiers H/F,Paris √éle-de-France France,2024-01-01
Data Analyst H/F,Nantes Pays de la Loire France,2024-01-01
Data Analyst Power Bi Asap H/F,Boulogne-Billancourt √éle-de-France France,2024-01-01
Data Analyst Senior H/F,Lyon Auvergne-Rh√¥ne-Alpes France,2024-01-01
Data Scientist F/H,Courbevoie √éle-de-France France,2024-01-01
Data Scientist,Boulogne-Billancourt √éle-de-France France,2024-01-01
Data Entry Specialist,French Guiana,2024-01-01
Data Analyst (H/F) en alternance,Paris √éle-de-France France,2024-01-01
Analyste Reporting Financier et Data H/F,Courbevoie √éle-de-France France,2024-01-01
Data scientist,Greater Toulouse Metropolitan Area,2024-01-01
Data Entry Specialist,French Guiana,2024-01-01
Data Entry Specialist,French Guiana,2024-01-01
R&amp;D Data Scientist - CDI,Paris √éle-de-France France,2024-01-01
Data scientist,Greater Rennes Metropolitan Area,2024-01-01
HR DATA ANALYST H/F - CDD,√âvry √éle-de-France France,2024-01-01
Consultant D√©butant Data Analyst en CDI - Paris - Septembre 2024 (F/H),Paris √éle-de-France France,2024-01-01
Data Analyst,Paris √éle-de-France France,2024-01-01
Data specialist H/F,Brunoy √éle-de-France France,2024-01-01
Alternance - Data Scientist Junior (H/F),Charenton-le-Pont √éle-de-France France,2024-01-01
"Apprenti data F/H
(Nouvelle fen√™tre)",Cergy √éle-de-France France,2024-01-01
Data Scientist,France,2024-01-01
Data Analyst ‚Äì Paris France (H/F),Paris √éle-de-France France,2024-01-01
Data scientist,Greater Paris Metropolitan Region,2024-01-01
Data Scientist,Paris √éle-de-France France,2024-01-01
Data Analyst (F/M),Paris √éle-de-France France,2024-01-01
Data Entry Specialist,French Guiana,2024-01-01
Une ou un data scientist,Paris √éle-de-France France,2024-01-01
DATA SCIENTIST INTERN H/F (SEPT 2024),Paris √éle-de-France France,2024-01-01
DATA ANALYST,Faches-Thumesnil Hauts-de-France France,2024-01-01
Spectralys Data Science,Asni√®res-sur-Seine √éle-de-France France,2024-01-01
Senior Data Scientist Customer Projects,Paris √éle-de-France France,2024-01-01
ALTERNANCE DATA ANALYST,Paris √éle-de-France France,2024-01-01
Business / DATA Analyst,Marseille Provence-Alpes-C√¥te d'Azur France,2024-01-01
üá´üá∑ Data Scientist Intern,Paris √éle-de-France France,2024-01-01
Data Analyst - Game Industry,Paris √éle-de-France France,2024-01-01
Data Scientist - F/H,Valbonne Provence-Alpes-C√¥te d'Azur France,2024-01-01
Data Analyst F/H - WEMA (H/F),Colmar Grand Est France,2024-01-01
MACHINE LEARNING RESEARCH INTERN,Paris √éle-de-France France,2024-01-01
Business Data Analyst (H/F),Paris √éle-de-France France,2024-01-01
Data scientist,Cachan √éle-de-France France,2024-01-01
Data Science Intern Customer Projects,Paris √éle-de-France France,2024-01-01
Data Scientist - Paris,Paris √éle-de-France France,2024-01-01
Data Analyst (H/F),Reims Grand Est France,2024-01-01
Data Analyst H/F,Maritime Alps Provence-Alpes-C√¥te d'Azur France,2024-01-01
ALTERNANCE - DATA SCIENTIST H/F,Montrouge √éle-de-France France,2024-01-01
Data Business Analyst,Greater Paris Metropolitan Region,2024-01-01
Data Manager Junior,Greater Paris Metropolitan Region,2024-01-01
Data Analyst (H/F) ‚Äì Digital Factory,Paris √éle-de-France France,2024-01-01
Data Analyst (F/H),Tours Centre-Val de Loire France,2024-01-01
Data Analyst H/F,Paris √éle-de-France France,2024-01-01
DATA ANALYST POWER BI H/F,Marseille Provence-Alpes-C√¥te d'Azur France,2024-01-01
Data Protection Counsel,Issy-les-Moulineaux √éle-de-France France,2024-01-01
Data Scientist (H/F),Aix-en-Provence Provence-Alpes-C√¥te d'Azur France,2024-01-01
Data Scientist H/F,Paris √éle-de-France France,2024-01-01
Data Analyst H/F,Landerneau Brittany France,2024-01-01
Data Scientist - IA D√©fense F/H,Paris √éle-de-France France,2024-01-01
Data Analyst (H/F),Paris √éle-de-France France,2024-01-01
Data Analyst (H/F),√éle-de-France France,2024-01-01
Sales Data Analyst Intern,Paris √éle-de-France France,2024-01-01
Data Analyst (F/H),Niort Nouvelle-Aquitaine France,2024-01-01
Data scientist durabilit√© F/H,Ivry-sur-Seine √éle-de-France France,2024-01-01
Business Analyst - Lille,Lille Hauts-de-France France,2024-01-01
Data Scientist H/F,Nantes Pays de la Loire France,2024-01-01
Data Scientist,Greater Toulouse Metropolitan Area,2024-01-01
Data Scientist/Data Analyst - Gestion des Risques Financiers F/H - Syst√®me r√©seaux donn√©es (H/F),Paris √éle-de-France France,2024-01-01
Data analyst Python F/H - CDI -  Boulogne-Billancourt,Boulogne-Billancourt √éle-de-France France,2024-01-01
Data Analyste H/F - SIEGE,Saint-Jean-de-V√©das Occitanie France,2024-01-01
People Sustainability Analyst,Paris √éle-de-France France,2024-01-01
Data Analyst - Digital Economy ‚Äì Connectivity Services and Infrastructures,Paris √éle-de-France France,2024-01-01
Data Analyst (H/F),Lille Hauts-de-France France,2024-01-01
Data scientist,Greater Bordeaux Metropolitan Area,2024-01-01
Alternance Data analyst,Paris √éle-de-France France,2024-01-01
Data Analyst Risques & Contr√¥les,Metz Grand Est France,2024-01-01
Assistante Data BI & Big Data - Alternance H/F,Clichy √éle-de-France France,2024-01-01
Junior Data Scientist - Casablanca,Paris √éle-de-France France,2024-01-01
TALENTUEUX CONSULTANT BI / BIG DATA (H/F),Lille Hauts-de-France France,2024-01-01
ALTERNANT DATA ANALYST H/F,Saint-Aignan-Grandlieu Pays de la Loire France,2024-01-01
DATA Analyst F/H CDI,Li√©vin Hauts-de-France France,2024-01-01
Data Scientist H/F F/H,Colombes √éle-de-France France,2024-01-01
DATA SCIENTIST (H/F),Greater Paris Metropolitan Region,2024-01-01
Business Analyst Data - M√©dical,Paris √éle-de-France France,2024-01-01
Data Scientist,Paris √éle-de-France France,2024-01-01
DATA Analyst - Alternance Alternance/Apprentissage (H/F),Reims Grand Est France,2024-01-01
Data Analyst F/H,Courbevoie √éle-de-France France,2024-01-01
Data Scientist Time Series H/F,Courbevoie √éle-de-France France,2024-01-01
Alternance - Assistant Data Quality,Paris √éle-de-France France,2024-01-01
European Institutions:¬†Data Scientist - AI/ML/NLP,Lille Hauts-de-France France,2024-01-01
Data Scientist H/F,Greater Paris Metropolitan Region,2024-01-01
Data Scientist - IA D√©fense F/H,Paris √éle-de-France France,2024-01-01
Data Analyst H/F,Lille Hauts-de-France France,2024-01-01
Data Scientist,Paris √éle-de-France France,2024-01-01
Data Scientist H/F - Lyon,Lyon Auvergne-Rh√¥ne-Alpes France,2024-01-01
Data Analyst H/F,Cercottes Centre-Val de Loire France,2024-01-01
Data analyst H/F,Saint-Nazaire-des-Gardies Occitanie France,2024-01-01
Analyste Data Marketing H/F,Rennes Brittany France,2024-01-01
Data analyst H/F,Saint-Nazaire-des-Gardies Occitanie France,2024-01-01
Analyste Data Marketing H/F,Rennes Brittany France,2024-01-01
Data analyst en alternance - 10,Paris √éle-de-France France,2024-01-01
Data Analyst - Marketing (h/f),Lyon Auvergne-Rh√¥ne-Alpes France,2024-01-01
IT Support,Paris √éle-de-France France,2024-01-01
Data Scientist,Bordeaux Nouvelle-Aquitaine France,2024-01-01
Data Analyst Specialist - Entry level,Paris √éle-de-France France,2024-01-01
ALTERNANCE - Data analyst (H/F),Neuilly-sur-Marne √éle-de-France France,2024-01-01
Data analyst H/F,Greater Saint-Nazaire Area,2024-01-01
CDI - Lead data Growth et mon√©tisation - F/H,Boulogne-Billancourt √éle-de-France France,2024-01-01
Stagiaire (H/F) Data Scientist,Croissy-sur-Seine √éle-de-France France,2024-01-01
Head of the Engagement and Strategic Transformation (EST) Division,Paris √éle-de-France France,2024-01-01
Data Analyst,Greater Lyon Area,2024-01-01
Assistant Marketing Data Analyst F/H (en alternance),Lille Hauts-de-France France,2024-01-01
Senior Data Analyst H/F,Greater Paris Metropolitan Region,2024-01-01
Alternance Data Analyst - Paris (F/H),Paris √éle-de-France France,2024-01-01
Data Scientist H/F,Montrouge √éle-de-France France,2024-01-01
Data Scientist H/F,Pau Nouvelle-Aquitaine France,2024-01-01
DATA ANALYST PRODUCT,Paris √éle-de-France France,2024-01-01
Data Scientist,St-Fons Auvergne-Rh√¥ne-Alpes France,2024-01-01
Ing√©nieur Data/BI,Lyon Auvergne-Rh√¥ne-Alpes France,2024-01-01
Data Analyst H/F,Paris √éle-de-France France,2024-01-01
Stage - Data Engineer - ML (H/F),Issy-les-Moulineaux √éle-de-France France,2024-01-01
DATA Analyst - Alternance H/F  Alternance/Apprentissage  H/F,Reims Grand Est France,2024-01-01
Data Analyst H/F,Levallois-Perret √éle-de-France France,2024-01-01
Data Analyst (Power BI) - CDI - ‚Ç¨60-‚Ç¨80k + Bonus + excellent Package!,Paris √éle-de-France France,2024-01-01
Data Analyst F/H,Paris √éle-de-France France,2024-01-01
Alternance Data analyst,Paris √éle-de-France France,2024-01-01
Chef de projet Controlling et Reporting,Paris √éle-de-France France,2024-01-01
Machine Learning Intern,Paris √éle-de-France France,2024-01-01
Senior Data Product Analyst (Marketing),Paris √éle-de-France France,2024-01-01
Business Analyst Data (√©nergie) F/H - Lyon,Lyon Auvergne-Rh√¥ne-Alpes France,2024-01-01
DATA ANALYST FRAUDE - (H/F) - CDI,Paris √éle-de-France France,2024-01-01
Data analyst F/H,St-Denis √éle-de-France France,2024-01-01
BI/Data Analyst,France,2024-01-01
Data Scientist - Toulouse,Toulouse Occitanie France,2024-01-01
Data Analyst - Asset Management,Paris √éle-de-France France,2024-01-01
Head of Machine Learning and Data Science,Eu Normandy France,2024-01-01
Alternant - Assistant Data Analyst H/F,Issy-les-Moulineaux √éle-de-France France,2024-01-01
Data Analyst - Business (H/F),Toulouse Occitanie France,2024-01-01
Data Scientist (F/H),Nanterre √éle-de-France France,2024-01-01
Data scientist F/H,Ivry-sur-Seine √éle-de-France France,2024-01-01
Apprenti DATA H/F,Lyon Auvergne-Rh√¥ne-Alpes France,2024-01-01
Data Analyst F/H,Colmar Grand Est France,2024-01-01
Data Analyst H/F,Boulogne-Billancourt √éle-de-France France,2024-01-01
Data Engineer/ Analyst,Niort Nouvelle-Aquitaine France,2024-01-01
Data Analyst,Greater Lille Metropolitan Area,2024-01-01
Data Analyst H/F,Marcq-en-Bar≈ìul Hauts-de-France France,2024-01-01
Data Engineer (M/F) - Internship - Paris,Paris √éle-de-France France,2024-01-01
job_title,company_location,2024-01-01
Python Developer,Paris √éle-de-France France,2024-01-01
Data Analyst H/F,Greater Paris Metropolitan Region,2024-01-01
Python Developer,Marseille Provence-Alpes-C√¥te d'Azur France,2024-01-01
Back-End Developer Python,Paris √éle-de-France France,2024-01-01
Developpeur Python H/F,St-Denis √éle-de-France France,2024-01-01
Python Developer,Paris √éle-de-France France,2024-01-01
Python Developer,Toulouse Occitanie France,2024-01-01
Python Developer,Marseille Provence-Alpes-C√¥te d'Azur France,2024-01-01
Python Developer,Lyon Auvergne-Rh√¥ne-Alpes France,2024-01-01
Data Scientist,Paris √éle-de-France France,2024-01-01
D√©veloppeur Python,Paris √éle-de-France France,2024-01-01
Data Scientist,Reims Grand Est France,2024-01-01
Python Developer,Paris √éle-de-France France,2024-01-01
Python Developer,Toulouse Occitanie France,2024-01-01
Python Software Engineer,Paris √éle-de-France France,2024-01-01
D√©veloppeur Python - 50K‚Ç¨ H/F,Nice Provence-Alpes-C√¥te d'Azur France,2024-01-01
Date Engineer | Python (pandas) - Sql | Scale up Medtech | Remote flexible,Paris √éle-de-France France,2024-01-01
Python Developer,France,2024-01-01
Python Data Scientist - LLM Project,France,2024-01-01
Junior Software Engineer,Paris √éle-de-France France,2024-01-01
Business Analyst H/F,Paris √éle-de-France France,2024-01-01
Alternant D√©veloppeur Python H/F,Levallois-Perret √éle-de-France France,2024-01-01
Data Scientist - Python (Mid-senior Senior),Paris √éle-de-France France,2024-01-01
Python Developer (Data) - ‚Ç¨120000 + Bonus + Benefits,Paris √éle-de-France France,2024-01-01
D√©veloppeur Python F/H,Bordeaux Nouvelle-Aquitaine France,2024-01-01
Backend Developer ‚Äì App (Python) - CDI,Paris √éle-de-France France,2024-01-01
Python Data Scientist/Analyst - LLM Project,France,2024-01-01
D√©veloppeur Python,Lyon Auvergne-Rh√¥ne-Alpes France,2024-01-01
Python Developer - LLM Project,France,2024-01-01
D√©veloppeur Python,Paris √éle-de-France France,2024-01-01
Python Developer (Risk & Front Office Systems),Paris √éle-de-France France,2024-01-01
D√©veloppeur Python /R,Paris √éle-de-France France,2024-01-01
Python Developer - LLM Project,Martinique,2024-01-01
D√©veloppeur API REST Python,Paris √éle-de-France France,2024-01-01
Lead Python Backend Engineer,Paris √éle-de-France France,2024-01-01
D√©veloppeur Python - 2021,Lyon Auvergne-Rh√¥ne-Alpes France,2024-01-01
D√©veloppeur Python H/F,Paris √éle-de-France France,2024-01-01
Dev BackEnd Python - Data,Paris √éle-de-France France,2024-01-01
Consultant Junior Full Stack Python,Neuilly-sur-Seine √éle-de-France France,2024-01-01
D√©veloppeur Backend Python H/F,Neuilly-sur-Seine √éle-de-France France,2024-01-01
DEVELOPPEUR (SE) PYTHON H/F,Bordeaux Nouvelle-Aquitaine France,2024-01-01
STAGE Ing√©nieure D√©veloppement Python,Paris √éle-de-France France,2024-01-01
D√©veloppeur Python | Startup IA & Big Data  | Python - Flask (Remote partiel),Paris √éle-de-France France,2024-01-01
D√©veloppeur Backend |  Python (90%) - React (10%) | Editeur de logiciel en hypercroissance | Paris et Remote partiel,Paris √éle-de-France France,2024-01-01
D√©veloppeur Python H/F,Nice Provence-Alpes-C√¥te d'Azur France,2024-01-01
Business & Data Analyst - stage,Paris √éle-de-France France,2024-01-01
Data Analyst,Paris √éle-de-France France,2024-01-01
D√©veloppeur Python - H/F,Bordeaux Nouvelle-Aquitaine France,2024-01-01
D√©veloppeur Backend | Python (90%) - React (10%) | Editeur de logiciel en hypercroissance | Paris et Remote partiel,Paris √éle-de-France France,2024-01-01
D√©veloppeur Python H/F,Biot Provence-Alpes-C√¥te d'Azur France,2024-01-01
Data Analyst Python (H/F),Paris √éle-de-France France,2024-01-01
Junior Software Engineer,Paris √éle-de-France France,2024-01-01
D√©veloppeur IA/Python (F/H),Villeneuve-d‚ÄôAscq Hauts-de-France France,2024-01-01
D√©veloppeur Python H/F,Paris √éle-de-France France,2024-01-01
D√©veloppeur Python/GO,Nice Provence-Alpes-C√¥te d'Azur France,2024-01-01
D√©veloppeur Python H/F,Paris √éle-de-France France,2024-01-01
D√©veloppeur Python - Django  (Freelance) (H/F),Paris √éle-de-France France,2024-01-01
Retail Performance Analyst Intern,Paris √éle-de-France France,2024-01-01
D√©veloppeur Python H/F,Nantes Pays de la Loire France,2024-01-01
Ing√©nieur(e) Fiabilit√© Software Robotique,Lyon Auvergne-Rh√¥ne-Alpes France,2024-01-01
Senior Backend Engineer - Python Go (EU Based 100% Remote),France,2024-01-01
Ing√©nieur(e) Fiabilit√© Software Robotique,Lille Hauts-de-France France,2024-01-01
D√©veloppeur Python,Boulogne-Billancourt √éle-de-France France,2024-01-01
D√©veloppeur Fullstack Junior H/F (Python/JS/TS),Paris √éle-de-France France,2024-01-01
D√©veloppeur Python H/F,Paris √éle-de-France France,2024-01-01
D√©veloppeur Python,Paris √éle-de-France France,2024-01-01
D√©veloppeur Python H/F,Niort Nouvelle-Aquitaine France,2024-01-01
D√©veloppeur Python - H/F,Greater Paris Metropolitan Region,2024-01-01
Python Developer,Paris √éle-de-France France,2024-01-01
D√©veloppeur Python H/F,Rennes Brittany France,2024-01-01
D√©veloppeur Python/D√©veloppeuse Python,Marseille Provence-Alpes-C√¥te d'Azur France,2024-01-01
Python Developer / D√©veloppeur Python,Paris √éle-de-France France,2024-01-01
Python Developer,France,2024-01-01
D√©veloppeur Python Django H/F,Lyon Auvergne-Rh√¥ne-Alpes France,2024-01-01
Junior Software Engineer,Nantes Pays de la Loire France,2024-01-01
D√©veloppeur Python (H/F),Lyon Auvergne-Rh√¥ne-Alpes France,2024-01-01
Backend Developer ‚Äì App (Python) - CDI,√éle-de-France France,2024-01-01
D√©veloppeur Python H/F,Lille Hauts-de-France France,2024-01-01
AI/Machine Learning Team Leader - Remote (Worldwide),France,2024-01-01
D√©veloppeur Python H/F,Paris √éle-de-France France,2024-01-01
D√©veloppeur Python H/F,L‚ÄôIsle-d‚ÄôAbeau Auvergne-Rh√¥ne-Alpes France,2024-01-01
D√©veloppeur Python H/F,Toulouse Occitanie France,2024-01-01
D√©veloppeur Python/D√©veloppeuse Python,Bordeaux Nouvelle-Aquitaine France,2024-01-01
D√©veloppeur(se) Python F/H,Montpellier Occitanie France,2024-01-01
D√©veloppeur Python H/F,Paris √éle-de-France France,2024-01-01
Data scientist,Lyon Auvergne-Rh√¥ne-Alpes France,2024-01-01
D√©veloppeur Python/D√©veloppeuse Python,Lyon Auvergne-Rh√¥ne-Alpes France,2024-01-01
Full Stack Developer  (Python NextJS),Paris √éle-de-France France,2024-01-01
DEVELOPPEUR (SE) PYTHON H/F,Bordeaux Nouvelle-Aquitaine France,2024-01-01
Senior Python Developer,Paris √éle-de-France France,2024-01-01
D√©veloppeur Python/D√©veloppeuse Python,Paris √éle-de-France France,2024-01-01
Developpeur Python Django H/F,Lyon Auvergne-Rh√¥ne-Alpes France,2024-01-01
D√©veloppeur Python,√éle-de-France France,2024-01-01
D√©veloppeur Python/D√©veloppeuse Python,Lyon Auvergne-Rh√¥ne-Alpes France,2024-01-01
Data Scientist H/F,Lille Hauts-de-France France,2024-01-01
D√©veloppeur Python/D√©veloppeuse Python (H/F),Paris √éle-de-France France,2024-01-01
D√©veloppeur Python Senior (F/H),Paris √éle-de-France France,2024-01-01
Senior Python Developer - LLM Project,France,2024-01-01
Ing√©nieur D√©veloppement Python H/F,Val-De-Marne √éle-de-France France,2024-01-01
D√©veloppeur Python/D√©veloppeuse Python,√éle-de-France France,2024-01-01
D√©veloppeur Python H/F,St-Ouen √éle-de-France France,2024-01-01
Ing√©nieur d√©veloppement python,Brest Brittany France,2024-01-01
Platform Engineer,Paris √éle-de-France France,2024-01-01
D√©veloppeur Backend | Python - AWS | Editeur de logiciel en hypercroissance | Paris et Remote partiel,Paris √éle-de-France France,2024-01-01
AI Researcher Internship - AI Startup - Paris,Paris √éle-de-France France,2024-01-01
D√©veloppeur - Python Senior / Architecte Machine Learning (H/F),Paris √éle-de-France France,2024-01-01
D√©veloppeur Web Python Django (H/F),Aix-en-Provence Provence-Alpes-C√¥te d'Azur France,2024-01-01
ESG & Impact Analyst Internship,Lyon Auvergne-Rh√¥ne-Alpes France,2024-01-01
D√©veloppeur Backend | Python - AWS | Editeur de logiciel en hypercroissance | Paris et Remote partiel,Paris √éle-de-France France,2024-01-01
D√©veloppeur(euse) Python et OPS,St-Denis √éle-de-France France,2024-01-01
D√©veloppeur Python Finance (H/F),Greater Paris Metropolitan Region,2024-01-01
Hello Future Graduate Intern (Furness),Job Auvergne-Rh√¥ne-Alpes France,2024-01-01
D√©veloppeur(se) Python F/H,Avignon Provence-Alpes-C√¥te d'Azur France,2024-01-01
Ing√©nieur Python H/F,Toulouse Occitanie France,2024-01-01
Senior Python Developer,Nantes Pays de la Loire France,2024-01-01
D√©veloppeur Python - F/H,Lyon Auvergne-Rh√¥ne-Alpes France,2024-01-01
Junior Data Scientist - Casablanca,Paris √éle-de-France France,2024-01-01
D√©veloppeur Python - (H/F),B√©ziers Occitanie France,2024-01-01
Data Scientist en Alternance H/F,Morlaix Brittany France,2024-01-01
Apprenti data analyst (H/F),Lille Hauts-de-France France,2024-01-01
Django / Python engineer (H/F),Paris √éle-de-France France,2024-01-01
Full-Stack Software Engineer (Innovation Lab / Python),Lyon Auvergne-Rh√¥ne-Alpes France,2024-01-01
D√©veloppeur Python - H/F - Toulouse,Toulouse Occitanie France,2024-01-01
D√©veloppeur Python Freelance H/F,Lille Hauts-de-France France,2024-01-01
D√©veloppeurse Full Stack (Python/React) (H/F) - Stage,Paris √éle-de-France France,2024-01-01
D√©veloppeur(se) Python F/H,Toulouse Occitanie France,2024-01-01
Internship  - Data Analyst,Paris √éle-de-France France,2024-01-01
Data scientist (H/F),Biot Provence-Alpes-C√¥te d'Azur France,2024-01-01
Machine Learning Engineer Freelance,Greater Paris Metropolitan Region,2024-01-01
D√©veloppeur Python / Django (H/F),Paris √éle-de-France France,2024-01-01
Freelance D√©veloppeur Python/D√©veloppeuse Python Bi,√éle-de-France France,2024-01-01
Back-End Developer Python,Paris √éle-de-France France,2024-01-01
D√©veloppeur JS / Python Django (H/F),Caen Normandy France,2024-01-01
D√©veloppeur Python (H/F),Nice Provence-Alpes-C√¥te d'Azur France,2024-01-01
Full-Stack Engineer - Python/Reactjs - Paris - F/H/X - CDI,Paris √éle-de-France France,2024-01-01
Dev Full Stack Python CARBASE,Roissy-en-France √éle-de-France France,2024-01-01
D√©veloppeurse Full Stack (Python / React) (H/F) - CDI,Paris √éle-de-France France,2024-01-01
Developer JavaScript/Python H/F,Paris √éle-de-France France,2024-01-01
Quantitative Developer Python (commo) - Hedge Fund - CDI - 150/200K‚Ç¨ - PARIS,Greater Paris Metropolitan Region,2024-01-01
Data Scientist,Paris √éle-de-France France,2024-01-01
Programmeur Statistiques Junior H/F,Rennes Brittany France,2024-01-01
Consultant D√©butant Data Analyst en CDI - Paris - Septembre 2024 (F/H),Paris √éle-de-France France,2024-01-01
Data Scientist H/F,Paris √éle-de-France France,2024-01-01
Ing√©nieur R&D d√©veloppement Python H/F,Toulouse Occitanie France,2024-01-01
Developpeur Python (H/F),L‚Äô√Æle-Saint-Denis √éle-de-France France,2024-01-01
D√©veloppeur Python H/F,Capinghem Hauts-de-France France,2024-01-01
D√âVELOPPEUR PYTHON F/H - Informatique de gestion (H/F),Greater Lyon Area,2024-01-01
Junior Backend Engineer - ProcessOut,Paris √éle-de-France France,2024-01-01
D√©veloppeur Python AWS (H/F),Lyon Auvergne-Rh√¥ne-Alpes France,2024-01-01
Research Engineer,Villeurbanne Auvergne-Rh√¥ne-Alpes France,2024-01-01
Business Analyst (MOA) Profils exp√©riment√©s H/F,Villejuif √éle-de-France France,2024-01-01
Data Engineer (H/F),Boulogne-Billancourt √éle-de-France France,2024-01-01
Software Fullstack Engineer (Python Django / React) pour une Start-up du RSE / ESG / GreenTech (Full remote - based in France),Paris √éle-de-France France,2024-01-01
Artificial Intelligence Engineer,France,2024-01-01
Software Engineer Scientific Engine (Python) - CDI,Paris √éle-de-France France,2024-01-01
Data Scientist - Paris,Paris √éle-de-France France,2024-01-01
D√©veloppeur Backend Golang / Python (H/F),Rennes Brittany France,2024-01-01
D√©veloppeur Fullstack Python H/F,Schiltigheim Grand Est France,2024-01-01
CDI - D√©veloppeur - Python (H/F),Montpellier Occitanie France,2024-01-01
D√©veloppeur Python H/F,B√©ziers Occitanie France,2024-01-01
D√©veloppeur Python/D√©veloppeuse Python,Courbevoie √éle-de-France France,2024-01-01
Engineer,Grenoble Auvergne-Rh√¥ne-Alpes France,2024-01-01
D√©veloppeur Python - H/F - Toulouse,Toulouse Occitanie France,2024-01-01
D√©veloppeur Python (back),Nantes Pays de la Loire France,2024-01-01
Backend Developer @ start-up,Paris √éle-de-France France,2024-01-01
D√©veloppeur Python Back-End (senior),Paris √éle-de-France France,2024-01-01
D√©veloppeur Python H/F,Lyon Auvergne-Rh√¥ne-Alpes France,2024-01-01
üêç Senior Python Software Engineer,Paris √éle-de-France France,2024-01-01
Data analyst Python F/H - CDI -  Boulogne-Billancourt,Boulogne-Billancourt √éle-de-France France,2024-01-01
D√©veloppeur Python (H/F),√éle-de-France France,2024-01-01
Pentester Junior H/F,Paris √éle-de-France France,2024-01-01
Consultante Python H/F,Greater Paris Metropolitan Region,2024-01-01
Junior Back-end & Integration Developer,Paris √éle-de-France France,2024-01-01
Alternant - Assistant Data Analyst H/F,Issy-les-Moulineaux √éle-de-France France,2024-01-01
Software Engineer,Paris √éle-de-France France,2024-01-01
D√©veloppeur Backend Golang / Python (H/F),V√©lizy-Villacoublay √éle-de-France France,2024-01-01
Data Engineer | Python - Azure | IA & Machine Learning  | Paris ou Remote Partiel,Paris √éle-de-France France,2024-01-01
Python Developer | Top-Tier Hedge Fund | Paris,Paris √éle-de-France France,2024-01-01
D√©veloppeur Python F/H,Boulogne-Billancourt √éle-de-France France,2024-01-01
Data specialist H/F,Brunoy √éle-de-France France,2024-01-01
D√©veloppeur Python Django H/F,Bordeaux Nouvelle-Aquitaine France,2024-01-01
Data Analyst H/F,Lyon Auvergne-Rh√¥ne-Alpes France,2024-01-01
D√©veloppeur Python - F/H,Fontaine Auvergne-Rh√¥ne-Alpes France,2024-01-01
Data Engineer (F/H),Montpellier Occitanie France,2024-01-01
Developpeur Bi Junior H/F,Ch√¢teaulin Brittany France,2024-01-01
Senior Python Engineer,France,2024-01-01
D√©veloppeur Python Finance (H/F),Paris √éle-de-France France,2024-01-01
DATA ANALYST POWER BI H/F,Marseille Provence-Alpes-C√¥te d'Azur France,2024-01-01
Data Analyst Power Bi Asap H/F,Boulogne-Billancourt √éle-de-France France,2024-01-01
Data Scientist,Paris √éle-de-France France,2024-01-01
D√©veloppeur Python - (F/H),Strasbourg Grand Est France,2024-01-01
Date Engineer H/F,Lille Hauts-de-France France,2024-01-01
Alternance - Ing√©nieur R&D (Unix Python/Go VueJS/Angular Micro-services),Rennes Brittany France,2024-01-01
D√©veloppeur Python H/F,Nantes Pays de la Loire France,2024-01-01
Ing√©nieur D√©veloppeur - Python (H/F),Cholet Pays de la Loire France,2024-01-01
D√©veloppeur back-end Python,Bordeaux Nouvelle-Aquitaine France,2024-01-01
D√©veloppeur Python - Toulouse H/F,Toulouse Occitanie France,2024-01-01
D√©veloppeur Python Django - Greentech - 50k √† 60k (Nantes ou Paris),Nantes Pays de la Loire France,2024-01-01
D√©veloppeur Python Django,Boulogne-Billancourt √éle-de-France France,2024-01-01
D√©veloppeur Python Django,Boulogne-Billancourt √éle-de-France France,2024-01-01
System Engineer (Linux) - ‚Ç¨80000-‚Ç¨150000 + Bonus,Paris √éle-de-France France,2024-01-01
QA Engineer Python (F/H),Paris √éle-de-France France,2024-01-01
Senior Python Engineer,Paris √éle-de-France France,2024-01-01
Pentester Junior H/F - Nantes,Nantes Pays de la Loire France,2024-01-01
D√©veloppeureuse Python Junior - Sophia-Antipolis,Valbonne Provence-Alpes-C√¥te d'Azur France,2024-01-01
Senior Full Stack Developer (Python + React),Paris √éle-de-France France,2024-01-01
D√©veloppeur Python H/F,Paris √éle-de-France France,2024-01-01
D√©veloppeur Python C++ (H/F),Toulouse Occitanie France,2024-01-01
D√©veloppeur PYTHON confirm√© (H/F),Clermont-Ferrand Auvergne-Rh√¥ne-Alpes France,2024-01-01
D√©veloppeur Python Finance (H/F),Paris √éle-de-France France,2024-01-01
Lead Python (H/F),Paris √éle-de-France France,2024-01-01
D√©veloppeur C++ Python,Paris √éle-de-France France,2024-01-01
Data Analyst H/F,Tours Centre-Val de Loire France,2024-01-01
D√©veloppeur C++ Python,Paris √éle-de-France France,2024-01-01
Junior Energy System Modeller (18 months fixed term contract),Paris √éle-de-France France,2024-01-01
DATA Analyst - Alternance Alternance/Apprentissage (H/F),Reims Grand Est France,2024-01-01
D√©veloppeur Python H/F,Paris √éle-de-France France,2024-01-01
Vehicle Dynamics Controls Engineers - Paris - Motorsport/EV - ‚Ç¨40k to ‚Ç¨65k,Paris √éle-de-France France,2024-01-01
EXPERT PYTHON,Marseille Provence-Alpes-C√¥te d'Azur France,2024-01-01
D√©veloppeur Quantitatif Python ALM H/F,Montrouge √éle-de-France France,2024-01-01
Ing√©nieur projets junior - Energie,√éle-de-France France,2024-01-01
Ing√©nieure en science des donn√©es F/H,Nancy Grand Est France,2024-01-01
Machine Learning Engineer (NLP),Toulouse Occitanie France,2024-01-01
Machine Learning Engineer (NLP),Toulouse Occitanie France,2024-01-01
Backend Engineer | Python | Start up en forte croissance dans la GreenTech | Toulon,Paris √éle-de-France France,2024-01-01
Junior - Machine Learning Engineer - Financial Services (F/H),Paris √éle-de-France France,2024-01-01
D√©veloppeurse Android,Nantes Pays de la Loire France,2024-01-01
Junior Data Analyst H/F,Cestas Nouvelle-Aquitaine France,2024-01-01
D√©veloppeur Python (H/F),Lyon Auvergne-Rh√¥ne-Alpes France,2024-01-01
Machine Learning Engineer,Paris √éle-de-France France,2024-01-01
Machine Learning Engineer (NLP),Paris √éle-de-France France,2024-01-01
Machine Learning Engineer (NLP),Paris √éle-de-France France,2024-01-01
D√©veloppeur Python H/F,Nantes Pays de la Loire France,2024-01-01
D√©veloppeur Python Django : Chamb√©ry (h/f),Chamb√©ry Auvergne-Rh√¥ne-Alpes France,2024-01-01
Senior Python Engineer,Greater Paris Metropolitan Region,2024-01-01
D√©veloppeur Python Produits Exotiques - H/F,Paris √éle-de-France France,2024-01-01
Ing√©nieur Environnement & Biodiversit√©,Paris √éle-de-France France,2024-01-01
D√©velopeur Python (H/F),Lille Hauts-de-France France,2024-01-01
Machine Learning Engineer - X/F/M,Paris √éle-de-France France,2024-01-01
D√©veloppeur C++ Python,Paris √éle-de-France France,2024-01-01
Data Scientist H/F,Montrouge √éle-de-France France,2024-01-01
Ing√©nieur projets junior,√éle-de-France France,2024-01-01
D√©veloppeur Python,Paris √éle-de-France France,2024-01-01
Junior - Data Scientist - Consultant - Financial Services (F/H),Paris √éle-de-France France,2024-01-01
Reconversion - Developpeur - Developpeuse en Informatique - France H/F,Strasbourg Grand Est France,2024-01-01
D√©veloppeur Python sur syst√®mes distribu√©s (H/F),Paris √éle-de-France France,2024-01-01
FullStack Developer ‚Äì App (JavaScript & Python) - CDI,Paris √éle-de-France France,2024-01-01
Alternance - Assistant(e) Developpeur Python,Lyon Auvergne-Rh√¥ne-Alpes France,2024-01-01
Enseignant-chercheur √âthique des choix technologiques,Rennes Brittany France,2024-01-01
Senior Python Engineer (m/f) | Python REST API | Paris,Paris √éle-de-France France,2024-01-01
